run_name,run_id,domain_name,finetune_strategy,pretrained_scheme,seed,task_type,run_state,accuracy,f1,precision,recall,auc,loss,convergence_epochs,training_time,total_parameters,trainable_parameters
CiteSeer_NC_full_finetune_b1_42,pcdwqocc,CiteSeer_NC,full_finetune,b1,42,node_classification,finished,0.465,0.4275895731524843,0.5065312793026086,0.43517924692887505,0.7576440529281472,1.5514291524887085,153,25.18416404724121,2272523,2272523
CiteSeer_NC_full_finetune_b1_84,tasb62cb,CiteSeer_NC,full_finetune,b1,84,node_classification,finished,0.44,0.4295206061206131,0.4749260994294802,0.44110276322346026,0.7563147801176072,1.571438908576965,165,45.18075919151306,2272523,2272523
Cora_NC_full_finetune_b1_42,xx1sa5w5,Cora_NC,full_finetune,b1,42,node_classification,finished,0.53,0.5247155692883287,0.5349883724674285,0.5714424707286342,0.8676779430505206,1.4649614095687866,147,27.33084392547607,1691660,1691660
CiteSeer_NC_full_finetune_b1_126,zrwjqqpg,CiteSeer_NC,full_finetune,b1,126,node_classification,finished,0.455,0.440267761235742,0.461392541548128,0.4378290760568704,0.7590519434800308,1.5608150959014893,148,23.985363483428955,2272523,2272523
Cora_NC_full_finetune_b1_84,7bzm4m82,Cora_NC,full_finetune,b1,84,node_classification,finished,0.525,0.5301955200473688,0.5446929895321545,0.569726609184782,0.8655253129477367,1.454813003540039,133,22.95586943626404,1691660,1691660
CiteSeer_NC_full_finetune_b2_42,q8op2yu8,CiteSeer_NC,full_finetune,b2,42,node_classification,finished,0.457,0.4186973772575309,0.5315870388535016,0.42153870014978184,0.7630109343028854,1.5075178146362305,166,24.986775875091553,2272523,2272523
Cora_NC_full_finetune_b1_126,cfxe0gho,Cora_NC,full_finetune,b1,126,node_classification,finished,0.554,0.5540163107381119,0.5511335553607887,0.6077175064891309,0.8691022536651986,1.4797711372375488,123,27.766334533691406,1691660,1691660
CiteSeer_NC_full_finetune_b2_84,jeufu9cy,CiteSeer_NC,full_finetune,b2,84,node_classification,finished,0.435,0.4200227100855189,0.5106239461600948,0.4244268351471922,0.7524896356215388,1.5315494537353516,154,26.79500412940979,2272523,2272523
Cora_NC_full_finetune_b2_42,9fgxsis2,Cora_NC,full_finetune,b2,42,node_classification,finished,0.48,0.5085591151111831,0.6286536929139078,0.5465030915558525,0.8783805676951217,1.39295756816864,142,24.57062530517578,1691660,1691660
CiteSeer_NC_full_finetune_b2_126,a4qa8dj9,CiteSeer_NC,full_finetune,b2,126,node_classification,finished,0.466,0.4294346836958096,0.5245742601448492,0.42012702421887504,0.742768082614417,1.5263105630874634,160,25.03806948661804,2272523,2272523
Cora_NC_full_finetune_b2_84,ym3p1c0z,Cora_NC,full_finetune,b2,84,node_classification,finished,0.495,0.5363574891998899,0.615738174321075,0.5598682386059697,0.8800041475021719,1.3856587409973145,157,23.756287097930908,1691660,1691660
CiteSeer_NC_full_finetune_b3_42,icxxckpy,CiteSeer_NC,full_finetune,b3,42,node_classification,finished,0.428,0.40980964129079395,0.4763415584561617,0.4109697612499887,0.7502484474066585,1.5736937522888184,144,29.49381184577942,2272523,2272523
Cora_NC_full_finetune_b2_126,24uj19go,Cora_NC,full_finetune,b2,126,node_classification,finished,0.533,0.5414967412100044,0.5928818323738769,0.5941200733058711,0.8769591561532536,1.3992984294891355,140,27.05927300453186,1691660,1691660
CiteSeer_NC_full_finetune_b3_84,asvn2c97,CiteSeer_NC,full_finetune,b3,84,node_classification,finished,0.399,0.3924185817529677,0.4972634511525926,0.40229786548980134,0.7294844945288778,1.5910581350326538,161,22.525574207305908,2272523,2272523
Cora_NC_full_finetune_b3_42,ox8dcmgs,Cora_NC,full_finetune,b3,42,node_classification,finished,0.53,0.5328813884154764,0.5628669787493803,0.5876835980741184,0.8743427673572918,1.4161264896392822,143,25.910305976867676,1691660,1691660
CiteSeer_NC_full_finetune_b3_126,zcqiei1t,CiteSeer_NC,full_finetune,b3,126,node_classification,finished,0.402,0.3933479327943696,0.5099589517251119,0.39476079962559985,0.756550896407432,1.5537792444229126,145,24.484649658203125,2272523,2272523
Cora_NC_full_finetune_b3_84,314lcob0,Cora_NC,full_finetune,b3,84,node_classification,finished,0.542,0.5467054164098883,0.5669119217043224,0.6040817790599433,0.8718354957059619,1.426638126373291,143,24.245386123657227,1691660,1691660
CiteSeer_NC_full_finetune_b4_42,w29t0gir,CiteSeer_NC,full_finetune,b4,42,node_classification,finished,0.447,0.426466480384558,0.5025795971805382,0.4254072365220368,0.746896997143723,1.5713536739349363,139,23.48527574539185,2272523,2272523
Cora_NC_full_finetune_b3_126,uem7xnen,Cora_NC,full_finetune,b3,126,node_classification,finished,0.528,0.5401622513581537,0.5621172675995877,0.5974475631224969,0.8664344316866731,1.4503415822982788,162,24.341978549957275,1691660,1691660
CiteSeer_NC_full_finetune_b4_84,ilvbuhla,CiteSeer_NC,full_finetune,b4,84,node_classification,finished,0.422,0.4139831274752286,0.46413531088033383,0.41532111287211154,0.73202372883779,1.5852357149124146,165,26.80613136291504,2272523,2272523
Cora_NC_full_finetune_b4_42,uo5zt6hx,Cora_NC,full_finetune,b4,42,node_classification,finished,0.527,0.5290143873912411,0.5732187276017184,0.5697284151176162,0.8690205138395256,1.456764578819275,134,26.212732315063477,1691660,1691660
CiteSeer_NC_full_finetune_b4_126,9vhmgc9a,CiteSeer_NC,full_finetune,b4,126,node_classification,finished,0.411,0.40455380996624063,0.4559588529897819,0.40196677348717297,0.7455686224138142,1.576308250427246,140,24.604806423187256,2272523,2272523
Cora_NC_full_finetune_b4_84,9sgewjht,Cora_NC,full_finetune,b4,84,node_classification,finished,0.485,0.5058538678282876,0.560566281530722,0.5611389689012829,0.8714058022155101,1.471336841583252,162,25.446049451828003,1691660,1691660
CiteSeer_NC_full_finetune_s1_42,yvy263ro,CiteSeer_NC,full_finetune,s1,42,node_classification,finished,0.344,0.3427724153873424,0.4636226021216523,0.34147072823762153,0.6998218960121533,1.8034183979034424,143,21.291698217391968,2272523,2272523
Cora_NC_full_finetune_b4_126,mjbgoz2t,Cora_NC,full_finetune,b4,126,node_classification,finished,0.532,0.545462756198374,0.5681043026455294,0.5994953588005794,0.8637394849743654,1.483465552330017,142,25.010303735733032,1691660,1691660
CiteSeer_NC_full_finetune_s1_84,2f4wxqa2,CiteSeer_NC,full_finetune,s1,84,node_classification,finished,0.389,0.37687987165061704,0.4520834553033905,0.36698420119451775,0.6993335676201098,1.7659143209457395,200,23.177644729614254,2272523,2272523
CiteSeer_NC_full_finetune_s1_126,27qbyj86,CiteSeer_NC,full_finetune,s1,126,node_classification,finished,0.42,0.37360235387823854,0.5255910140874005,0.37265632470424226,0.701608435446758,1.7279819250106812,142,21.541147232055664,2272523,2272523
Cora_NC_full_finetune_s1_42,2bam3q1r,Cora_NC,full_finetune,s1,42,node_classification,finished,0.563,0.5688021772774821,0.6152241589260133,0.592424892441427,0.8648988241238309,1.3020609617233276,119,23.735202074050903,1691660,1691660
CiteSeer_NC_full_finetune_s2_42,a46llrlg,CiteSeer_NC,full_finetune,s2,42,node_classification,finished,0.378,0.3718411033481723,0.4863299710905569,0.3787639432095977,0.7433811140692821,1.5878753662109375,153,25.32023453712463,2272523,2272523
Cora_NC_full_finetune_s1_84,35b50wej,Cora_NC,full_finetune,s1,84,node_classification,finished,0.538,0.5578934648837391,0.6058868232506237,0.5913816272966851,0.8705285753671441,1.3781721591949463,132,27.66275191307068,1691660,1691660
CiteSeer_NC_full_finetune_s2_84,i6t79ytr,CiteSeer_NC,full_finetune,s2,84,node_classification,finished,0.412,0.3992672381839955,0.5160059013051576,0.4079891379044056,0.7341622789198983,1.59036123752594,190,20.346280336380005,2272523,2272523
Cora_NC_full_finetune_s1_126,z2naaiw1,Cora_NC,full_finetune,s1,126,node_classification,finished,0.461,0.48239655996343794,0.5624101358019638,0.5314419714354778,0.8420307110758696,1.680164813995361,163,20.123512506484985,1691660,1691660
CiteSeer_NC_full_finetune_s2_126,t1kub2ze,CiteSeer_NC,full_finetune,s2,126,node_classification,finished,0.424,0.41157029645840465,0.5062427704796467,0.41400328006389414,0.762399103536337,1.5251808166503906,152,19.35800814628601,2272523,2272523
Cora_NC_full_finetune_s2_42,ncqt8qza,Cora_NC,full_finetune,s2,42,node_classification,finished,0.488,0.518569234276043,0.61887159985669,0.5640864873247865,0.8775304688997773,1.423208475112915,126,21.534855604171753,1691660,1691660
CiteSeer_NC_full_finetune_s3_42,5meergoi,CiteSeer_NC,full_finetune,s3,42,node_classification,finished,0.394,0.37824304539578835,0.5160766768115944,0.3877961467806878,0.7232570552861476,1.6566821336746216,178,21.5653338432312,2272523,2272523
Cora_NC_full_finetune_s2_84,j0a3ky3c,Cora_NC,full_finetune,s2,84,node_classification,finished,0.488,0.5257852240977898,0.6056982215669792,0.5622549472503189,0.8719353446768243,1.445167064666748,130,23.094250202178955,1691660,1691660
CiteSeer_NC_full_finetune_s3_84,1liudcnx,CiteSeer_NC,full_finetune,s3,84,node_classification,finished,0.424,0.3941138763814922,0.5824429785388497,0.3962648778123703,0.7427399724433451,1.5867434740066528,182,21.16232109069824,2272523,2272523
Cora_NC_full_finetune_s2_126,6lh4bq6e,Cora_NC,full_finetune,s2,126,node_classification,finished,0.563,0.5753001483971623,0.6090323488900379,0.607062758344809,0.879214120781462,1.3574624061584473,128,21.348360300064087,1691660,1691660
CiteSeer_NC_full_finetune_s3_126,xbaeup5n,CiteSeer_NC,full_finetune,s3,126,node_classification,finished,0.451,0.4224259825271264,0.5672722371940035,0.4064103971947682,0.7342693018258193,1.5536967515945437,162,24.284778356552124,2272523,2272523
Cora_NC_full_finetune_s3_42,srrc79rb,Cora_NC,full_finetune,s3,42,node_classification,finished,0.542,0.5393514595619125,0.6083957555673338,0.5661285138501176,0.8707273971417717,1.3470014333724976,122,24.629631996154785,1691660,1691660
CiteSeer_NC_full_finetune_s4_42,uupzazt5,CiteSeer_NC,full_finetune,s4,42,node_classification,finished,0.357,0.35126569284439385,0.5319379170364392,0.3758241995585281,0.7263306963455182,1.6729501485824585,170,18.541402339935303,2272523,2272523
CiteSeer_NC_full_finetune_s4_84,kcutasph,CiteSeer_NC,full_finetune,s4,84,node_classification,finished,0.384,0.3899811798094304,0.5566311781213241,0.39203951447098495,0.7337899465109256,1.6030114889144895,145,19.466126441955566,2272523,2272523
Cora_NC_full_finetune_s3_84,os9curud,Cora_NC,full_finetune,s3,84,node_classification,finished,0.479,0.511789710924026,0.6121430826457097,0.5582148556187495,0.85037135691342,1.522384762763977,125,29.03963589668274,1691660,1691660
CiteSeer_NC_full_finetune_s4_126,cokmczbj,CiteSeer_NC,full_finetune,s4,126,node_classification,finished,0.404,0.39690132635255376,0.5614169314077637,0.3856798336066824,0.7415707250667843,1.5831434726715088,129,23.09533715248108,2272523,2272523
Cora_NC_full_finetune_s3_126,qgx195l9,Cora_NC,full_finetune,s3,126,node_classification,finished,0.567,0.5498448814251937,0.6945615011684545,0.531813778497693,0.8393906980261973,1.4422118663787842,93,18.10222339630127,1691660,1691660
CiteSeer_NC_full_finetune_s5_42,fvaje1si,CiteSeer_NC,full_finetune,s5,42,node_classification,finished,0.374,0.3642082904845099,0.5241494526868943,0.3704672719321572,0.7321471474313369,1.6468573808670044,154,20.16504168510437,2272523,2272523
Cora_NC_full_finetune_s4_42,w2vpber9,Cora_NC,full_finetune,s4,42,node_classification,finished,0.497,0.5355363136025705,0.6660487200727541,0.5365765844530257,0.8596383751293245,1.4040303230285645,126,21.843631267547607,1691660,1691660
CiteSeer_NC_full_finetune_s5_84,cz7r61we,CiteSeer_NC,full_finetune,s5,84,node_classification,finished,0.379,0.3926517286897924,0.5678381586698896,0.39034426138389167,0.7448414424361496,1.5822153091430664,125,19.70798897743225,2272523,2272523
Cora_NC_full_finetune_s4_84,wuqdxwmf,Cora_NC,full_finetune,s4,84,node_classification,finished,0.492,0.520687872411994,0.5759404071005342,0.5550894004200464,0.833278027783922,1.505932092666626,140,23.676262855529785,1691660,1691660
CiteSeer_NC_full_finetune_s5_126,o19i5fko,CiteSeer_NC,full_finetune,s5,126,node_classification,finished,0.445,0.4154443416611088,0.5384108482469117,0.4023821871569428,0.727375409128439,1.5633459091186523,146,22.557432413101196,2272523,2272523
Cora_NC_full_finetune_s4_126,7hvsgzfd,Cora_NC,full_finetune,s4,126,node_classification,finished,0.533,0.5714929251356281,0.6377167049218411,0.5677644460091302,0.8672285503214864,1.365698218345642,149,20.52237558364868,1691660,1691660
CiteSeer_NC_linear_probe_b1_42,g8i2tey2,CiteSeer_NC,linear_probe,b1,42,node_classification,finished,0.439,0.4093661782733513,0.4577549964000357,0.41368645019569367,0.7453936541136468,1.598069190979004,135,25.013390064239506,2272523,950278
Cora_NC_full_finetune_s5_42,v15dff0u,Cora_NC,full_finetune,s5,42,node_classification,finished,0.494,0.5199246934071831,0.6335282726214185,0.523909033630693,0.8541119473322375,1.3976807594299316,148,23.807165145874023,1691660,1691660
CiteSeer_NC_linear_probe_b1_84,zi1k7hf3,CiteSeer_NC,linear_probe,b1,84,node_classification,finished,0.411,0.4012062414521766,0.43504168701680895,0.4066537040838465,0.7234709070277865,1.6153066158294678,135,18.878293991088867,2272523,950278
Cora_NC_full_finetune_s5_84,8qu4bzgb,Cora_NC,full_finetune,s5,84,node_classification,finished,0.47,0.5083675645281446,0.6158462416983653,0.5378143791256533,0.8366302746027706,1.536154866218567,127,27.68568468093872,1691660,1691660
CiteSeer_NC_linear_probe_b1_126,juhdoy09,CiteSeer_NC,linear_probe,b1,126,node_classification,finished,0.401,0.3951228295927469,0.4211557359628882,0.39758484877614714,0.7385214981997548,1.5960981845855713,157,24.352054834365845,2272523,950278
Cora_NC_full_finetune_s5_126,cmt2wsic,Cora_NC,full_finetune,s5,126,node_classification,finished,0.544,0.5258558759708374,0.6830175132955641,0.5024247557813312,0.8392982850895114,1.4571274518966677,90,21.880731344223022,1691660,1691660
CiteSeer_NC_linear_probe_b2_42,awebx5z2,CiteSeer_NC,linear_probe,b2,42,node_classification,finished,0.421,0.3895134080933622,0.4902608745473081,0.3930422439745645,0.7391343527015725,1.543474555015564,132,25.394452571868896,2272523,950278
Cora_NC_linear_probe_b1_42,rck1nac6,Cora_NC,linear_probe,b1,42,node_classification,finished,0.483,0.4768951222161628,0.4777237584092747,0.5048613584196017,0.8128800297356388,1.6113100051879885,199,24.260265350341797,1691660,369415
CiteSeer_NC_linear_probe_b2_84,aa9yqdug,CiteSeer_NC,linear_probe,b2,84,node_classification,finished,0.383,0.3863004583740204,0.4549079266062129,0.3871734428802533,0.725703517042969,1.582992434501648,172,22.19627332687378,2272523,950278
Cora_NC_linear_probe_b1_84,n8dmbsus,Cora_NC,linear_probe,b1,84,node_classification,finished,0.493,0.48122075629376926,0.49884118960311674,0.4884097270573675,0.8144512925234532,1.584830403327942,200,21.446418285369873,1691660,369415
CiteSeer_NC_linear_probe_b2_126,3vcwfeds,CiteSeer_NC,linear_probe,b2,126,node_classification,finished,0.433,0.39514899408169174,0.5126993181111189,0.3892111804590555,0.7334624775649714,1.5448451042175293,162,23.668211698532104,2272523,950278
Cora_NC_linear_probe_b1_126,dr49gxl6,Cora_NC,linear_probe,b1,126,node_classification,finished,0.471,0.4794336283274408,0.4839009340941629,0.5241755754362717,0.8185926268202361,1.6035085916519165,176,25.73779058456421,1691660,369415
CiteSeer_NC_linear_probe_b3_42,pv64er6o,CiteSeer_NC,linear_probe,b3,42,node_classification,finished,0.324,0.3248211679314513,0.5019680357130983,0.350402520462019,0.7226479660857249,1.6376193761825562,155,27.61714005470276,2272523,950278
Cora_NC_linear_probe_b2_42,8vgq96c5,Cora_NC,linear_probe,b2,42,node_classification,finished,0.419,0.4431551921025044,0.5623560230427145,0.46396487158278177,0.8055567621186902,1.5899438858032229,163,23.452232122421265,1691660,369415
CiteSeer_NC_linear_probe_b3_84,58ils3cu,CiteSeer_NC,linear_probe,b3,84,node_classification,finished,0.36,0.3597043079667374,0.49760690008651304,0.3768860408668632,0.7278704961427547,1.616767168045044,146,19.275708436965942,2272523,950278
Cora_NC_linear_probe_b2_84,3wlazggj,Cora_NC,linear_probe,b2,84,node_classification,finished,0.426,0.4514136850807754,0.500399863268316,0.4824984263134211,0.8222681426836187,1.5574167966842651,139,21.3418447971344,1691660,369415
CiteSeer_NC_linear_probe_b3_126,0ns514dd,CiteSeer_NC,linear_probe,b3,126,node_classification,finished,0.373,0.35591918594261246,0.5152441760292031,0.36928076365363866,0.7423081667591059,1.601722002029419,200,20.470123291015625,2272523,950278
Cora_NC_linear_probe_b2_126,qqc42tei,Cora_NC,linear_probe,b2,126,node_classification,finished,0.47,0.4830058409934098,0.5324989073844817,0.5144734429234691,0.8151388573813996,1.5848971605300903,132,26.517990350723267,1691660,369415
CiteSeer_NC_linear_probe_b4_42,merzc2q3,CiteSeer_NC,linear_probe,b4,42,node_classification,finished,0.429,0.4086393449934784,0.5104021622474347,0.41198831891298954,0.7281159743383343,1.6119121313095093,124,22.1753613948822,2272523,950278
CiteSeer_NC_linear_probe_b4_84,2cv51w8o,CiteSeer_NC,linear_probe,b4,84,node_classification,finished,0.378,0.3666783373033274,0.44925942438749966,0.37234269779424906,0.7109808855259021,1.607550859451294,194,26.64008736610413,2272523,950278
Cora_NC_linear_probe_b3_42,yvfxir2o,Cora_NC,linear_probe,b3,42,node_classification,finished,0.421,0.4541514949423825,0.5593962963860923,0.4997633357189396,0.8232294195891088,1.6341379880905151,137,24.490198373794556,1691660,369415
Cora_NC_linear_probe_b3_84,ll4citi3,Cora_NC,linear_probe,b3,84,node_classification,finished,0.45,0.47203813711680137,0.5218081632690575,0.5097365721875292,0.8203516027212395,1.615220546722412,150,22.123948097229004,1691660,369415
CiteSeer_NC_linear_probe_b4_126,i6zs1dug,CiteSeer_NC,linear_probe,b4,126,node_classification,finished,0.357,0.3537664402842062,0.41781325629687166,0.35340433416161204,0.7107044743630961,1.6117842197418213,197,26.59028959274292,2272523,950278
Cora_NC_linear_probe_b3_126,nj67o0uu,Cora_NC,linear_probe,b3,126,node_classification,finished,0.465,0.484621774616284,0.5232375718580611,0.5343500565012523,0.8187582714486451,1.6218653917312622,138,25.859524965286255,1691660,369415
CiteSeer_NC_linear_probe_s1_42,4lq6q3t2,CiteSeer_NC,linear_probe,s1,42,node_classification,finished,0.371,0.3604299341768683,0.46582520195054494,0.3640669852766112,0.6970565234134215,1.7819743156433103,176,21.62392020225525,2272523,950278
Cora_NC_linear_probe_b4_42,86kb8ndk,Cora_NC,linear_probe,b4,42,node_classification,finished,0.415,0.4497425336628632,0.557915755689083,0.4753299624625415,0.8111397163549617,1.6154673099517822,174,24.999906539916992,1691660,369415
CiteSeer_NC_linear_probe_s1_84,e546u7c7,CiteSeer_NC,linear_probe,s1,84,node_classification,finished,0.332,0.3237127446945555,0.4494336217852365,0.33598337975595727,0.6749310925628943,1.9022271633148191,195,23.02452540397644,2272523,950278
CiteSeer_NC_linear_probe_s1_126,taixn8ht,CiteSeer_NC,linear_probe,s1,126,node_classification,finished,0.381,0.35361758605040605,0.4966894437184679,0.3444050293511088,0.6733070509896152,1.9252686500549316,163,20.43873405456543,2272523,950278
Cora_NC_linear_probe_b4_84,6h8lxne5,Cora_NC,linear_probe,b4,84,node_classification,finished,0.413,0.43659316721542807,0.5005836677170078,0.47085427922414663,0.803638801050151,1.6532800197601318,154,25.171752214431763,1691660,369415
CiteSeer_NC_linear_probe_s2_42,xy57mm2m,CiteSeer_NC,linear_probe,s2,42,node_classification,finished,0.33,0.3169135303956772,0.5434315849308595,0.3462959045074961,0.7311387877132467,1.639450192451477,142,23.06920599937439,2272523,950278
Cora_NC_linear_probe_b4_126,bqsva1ua,Cora_NC,linear_probe,b4,126,node_classification,finished,0.445,0.4565713613113408,0.5175171762568354,0.486744918225309,0.8150103485006425,1.600790023803711,126,22.27492070198059,1691660,369415
CiteSeer_NC_linear_probe_s2_84,b0o5povc,CiteSeer_NC,linear_probe,s2,84,node_classification,finished,0.338,0.34429232397800735,0.5246415375281355,0.38180910320731826,0.7314517366802368,1.6088526248931885,179,17.512146711349487,2272523,950278
Cora_NC_linear_probe_s1_42,tte18odn,Cora_NC,linear_probe,s1,42,node_classification,finished,0.613,0.6094823925941982,0.7040178362556473,0.5836464030439419,0.8593829387918158,1.2532658576965332,134,21.296154737472538,1691660,369415
CiteSeer_NC_linear_probe_s2_126,8ui7swqa,CiteSeer_NC,linear_probe,s2,126,node_classification,finished,0.407,0.387668649191016,0.5293413465025473,0.39148615763044153,0.7317478040814028,1.5657755136489868,199,19.470786333084103,2272523,950278
Cora_NC_linear_probe_s1_84,02f59sz8,Cora_NC,linear_probe,s1,84,node_classification,finished,0.475,0.5061992817467958,0.6731155835839602,0.5114436853999677,0.8574977185422353,1.4723138809204102,125,22.889145374298096,1691660,369415
CiteSeer_NC_linear_probe_s3_42,nmapruyy,CiteSeer_NC,linear_probe,s3,42,node_classification,finished,0.381,0.36686914805816334,0.5186287222407306,0.37973699297939634,0.7161466702826411,1.6601816415786743,191,22.8098042011261,2272523,950278
Cora_NC_linear_probe_s1_126,gzw5if89,Cora_NC,linear_probe,s1,126,node_classification,finished,0.426,0.4613429133568871,0.5704520521468882,0.5082183382124226,0.8346565018884713,1.7559609413146973,179,17.281116485595703,1691660,369415
CiteSeer_NC_linear_probe_s3_84,c0u98ozg,CiteSeer_NC,linear_probe,s3,84,node_classification,finished,0.376,0.3298598979255386,0.5365482069694351,0.3390431188375302,0.7190580620317991,1.6254303455352783,121,16.047422647476196,2272523,950278
CiteSeer_NC_linear_probe_s3_126,ua8nwjs2,CiteSeer_NC,linear_probe,s3,126,node_classification,finished,0.397,0.3573800484669521,0.5397963698604297,0.3523795437987427,0.7148112620119299,1.5843549966812134,131,19.670642614364624,2272523,950278
Cora_NC_linear_probe_s2_42,5563az8m,Cora_NC,linear_probe,s2,42,node_classification,finished,0.429,0.4643624427573778,0.5862684390580576,0.511361021278936,0.8406713967212013,1.539151906967163,167,22.44234800338745,1691660,369415
CiteSeer_NC_linear_probe_s4_42,pjfgomer,CiteSeer_NC,linear_probe,s4,42,node_classification,finished,0.351,0.34233935604678195,0.49746665540004115,0.3596908471775662,0.7150430190191814,1.6545031070709229,147,18.86503553390503,2272523,950278
Cora_NC_linear_probe_s2_84,4a9mjk42,Cora_NC,linear_probe,s2,84,node_classification,finished,0.44,0.4772979718400235,0.5895425259279475,0.515607039047614,0.8280261620304888,1.6467368602752686,187,25.91092205047607,1691660,369415
CiteSeer_NC_linear_probe_s4_84,rwchd45s,CiteSeer_NC,linear_probe,s4,84,node_classification,finished,0.368,0.32705752304312613,0.5608278428283262,0.3354338232127225,0.7081890433022581,1.63084077835083,110,17.437215566635132,2272523,950278
CiteSeer_NC_linear_probe_s4_126,ifbcnmj8,CiteSeer_NC,linear_probe,s4,126,node_classification,finished,0.424,0.3976109577905347,0.5434295893598219,0.38506477880149786,0.7240711428878158,1.5859990119934082,130,23.905317306518555,2272523,950278
Cora_NC_linear_probe_s2_126,h7c7tlao,Cora_NC,linear_probe,s2,126,node_classification,finished,0.483,0.5194104836541246,0.6197789236938778,0.5196254575113248,0.8481362201096638,1.46580171585083,173,19.77307367324829,1691660,369415
Cora_NC_linear_probe_s3_42,a1cv6j9l,Cora_NC,linear_probe,s3,42,node_classification,finished,0.49,0.5031106519322102,0.6273549849206417,0.5159753270755735,0.8145404399484466,1.5176331996917725,150,25.57007336616516,1691660,369415
CiteSeer_NC_linear_probe_s5_42,w1fvc64l,CiteSeer_NC,linear_probe,s5,42,node_classification,finished,0.348,0.3329260262012002,0.49036915235784617,0.3525517522980868,0.7072388351835378,1.6761276721954346,133,16.534301042556763,2272523,950278
CiteSeer_NC_linear_probe_s5_84,na8kuwbq,CiteSeer_NC,linear_probe,s5,84,node_classification,finished,0.425,0.3907579140201472,0.513329537859088,0.386085644298564,0.7318366132759869,1.5574560165405271,172,21.403204917907715,2272523,950278
Cora_NC_linear_probe_s3_84,w4xat5ij,Cora_NC,linear_probe,s3,84,node_classification,finished,0.409,0.4464616763121079,0.6022504724844903,0.48708260761752953,0.8316546138770693,1.6745388507843018,197,23.864261865615845,1691660,369415
CiteSeer_NC_linear_probe_s5_126,wkb8meh7,CiteSeer_NC,linear_probe,s5,126,node_classification,finished,0.42,0.3864174078573499,0.524828397587569,0.3768863731477947,0.7041638803891562,1.5543859004974363,158,24.856725215911865,2272523,950278
Cora_NC_linear_probe_s3_126,rgbpbje4,Cora_NC,linear_probe,s3,126,node_classification,finished,0.491,0.5162352261935748,0.6437135740426113,0.51422730034986,0.8424472315205913,1.4205825328826904,141,19.967867851257324,1691660,369415
CiteSeer_LP_full_finetune_b1_42,6fhtdkr2,CiteSeer_LP,full_finetune,b1,42,link_prediction,finished,0.5736263736263736,0.5195285987893168,0.5062496974391247,0.5446060981272249,0.08998878561517555,3.3333107078468407,36,190.921982049942,2468102,2468102
Cora_NC_linear_probe_s4_42,i8dvknd1,Cora_NC,linear_probe,s4,42,node_classification,finished,0.439,0.4672193622617416,0.633351601230993,0.4840305533645348,0.8154273604991449,1.6069685220718384,119,19.018408060073853,1691660,369415
Cora_NC_linear_probe_s4_84,1rzqvokd,Cora_NC,linear_probe,s4,84,node_classification,finished,0.473,0.4978196085680072,0.5725818057101044,0.5311781505811118,0.8319434289816083,1.5159412622451782,183,28.18916606903076,1691660,369415
Cora_NC_linear_probe_s4_126,xy4yhl1n,Cora_NC,linear_probe,s4,126,node_classification,finished,0.45,0.49433376991197125,0.626553689085738,0.477051595329732,0.8229858388143008,1.47422194480896,194,20.18177366256714,1691660,369415
CiteSeer_LP_full_finetune_b1_84,oirylqbx,CiteSeer_LP,full_finetune,b1,84,link_prediction,finished,0.5873626373626374,0.5211374846536362,0.5057620640229336,0.5488933601609658,0.0968227719895622,3.4056840215410507,61,208.3625843524933,2468102,2468102
Cora_NC_linear_probe_s5_42,w232hj8i,Cora_NC,linear_probe,s5,42,node_classification,finished,0.443,0.4644320470011008,0.6316764255832634,0.48345807599841784,0.8101135478164039,1.5819655656814575,117,18.231168031692505,1691660,369415
Cora_NC_linear_probe_s5_84,zdbvyj4v,Cora_NC,linear_probe,s5,84,node_classification,finished,0.431,0.4677433947703974,0.6180183461307369,0.5027178397596923,0.8154070688693699,1.6443393230438232,191,23.356701612472538,1691660,369415
Cora_NC_linear_probe_s5_126,ln3nrbzy,Cora_NC,linear_probe,s5,126,node_classification,finished,0.475,0.4900238151549633,0.6144773137573319,0.4707350129059547,0.8144657990505758,1.5142282247543335,107,22.75329613685608,1691660,369415
Cora_LP_full_finetune_b1_42,1bcywtaz,Cora_LP,full_finetune,b1,42,link_prediction,finished,0.5823863636363636,0.506102009341615,0.5026569007611661,0.5833333333333334,0.08405201569264069,7.168973379062884,257,335.73072624206543,1886982,1886982
CiteSeer_LP_full_finetune_b1_126,sd63cey0,CiteSeer_LP,full_finetune,b1,126,link_prediction,finished,0.6043956043956044,0.5085785251395887,0.5089557785209959,0.5169014084507042,0.09312121039326378,1.7781230402516794,15,166.09938406944275,2468102,2468102
CiteSeer_LP_full_finetune_b2_42,4w652vyb,CiteSeer_LP,full_finetune,b2,42,link_prediction,finished,0.5236263736263737,0.05199687531953458,0.5626373626373626,0.0272635814889336,0.09226967744388057,0.7621488970059614,1,151.57517862319946,2468102,2468102
Cora_LP_full_finetune_b1_84,t15jykio,Cora_LP,full_finetune,b1,84,link_prediction,finished,0.5942234848484849,0.49049745648333737,0.5022502250225022,0.5482954545454546,0.08930262445887446,3.615520735581716,31,207.03905248641968,1886982,1886982
CiteSeer_LP_full_finetune_b2_84,wjfevife,CiteSeer_LP,full_finetune,b2,84,link_prediction,finished,0.5818681318681319,0.16865558435975345,0.5626373626373626,0.099272558427488,0.09153110294696656,0.7650876529269166,1,151.78503680229187,2468102,2468102
CiteSeer_LP_full_finetune_b2_126,cljzvucy,CiteSeer_LP,full_finetune,b2,126,link_prediction,finished,0.55,0.5175655805707969,0.5047904476475905,0.5429577464788733,0.0987908557960448,5.556282433310708,260,304.5596318244934,2468102,2468102
Cora_LP_full_finetune_b1_126,u1ghxr6w,Cora_LP,full_finetune,b1,126,link_prediction,finished,0.5946969696969697,0.4968688309992133,0.5035428916025931,0.5634469696969697,0.08830492424242424,2.5415685140725337,25,199.8930702209473,1886982,1886982
Cora_LP_full_finetune_b2_42,ymzhoya0,Cora_LP,full_finetune,b2,42,link_prediction,finished,0.5667613636363636,0.15486422269401923,0.5575757575757575,0.09138257575757576,0.08247091450216451,0.6900484065214793,1,168.1349740028381,1886982,1886982
CiteSeer_LP_full_finetune_b3_42,xh4cvfsi,CiteSeer_LP,full_finetune,b3,42,link_prediction,finished,0.5879120879120879,0.5182104669936205,0.5072853072853073,0.5385544033431358,0.0963883164031422,2.7786903255588404,44,199.87316274642944,2468102,2468102
Cora_LP_full_finetune_b2_84,9xl8d47t,Cora_LP,full_finetune,b2,84,link_prediction,finished,0.5700757575757576,0.16060441454392838,0.5575757575757575,0.09517045454545454,0.08450013528138525,0.6974021313768445,1,167.59530305862427,1886982,1886982
CiteSeer_LP_full_finetune_b3_84,j00pb0s9,CiteSeer_LP,full_finetune,b3,84,link_prediction,finished,0.5664835164835165,0.5183575689011862,0.5039794248304886,0.5461461074137131,0.0865956874852353,3.443682869712075,66,218.18546891212463,2468102,2468102
Cora_LP_full_finetune_b2_126,5mv013g3,Cora_LP,full_finetune,b2,126,link_prediction,finished,0.5767045454545454,0.1751611358052741,0.5555555555555555,0.10606060606060606,0.08407738095238096,0.6618189161474054,1,167.59420537948608,1886982,1886982
CiteSeer_LP_full_finetune_b3_126,e9btti8c,CiteSeer_LP,full_finetune,b3,126,link_prediction,finished,0.5637362637362637,0.5177999440787707,0.5047554215695809,0.5421838724655625,0.08838998905714993,3.9138480941017906,60,215.97207880020144,2468102,2468102
Cora_LP_full_finetune_b3_42,si5tcrxz,Cora_LP,full_finetune,b3,42,link_prediction,finished,0.5596590909090909,0.5035685453755149,0.5014749262536873,0.5819128787878788,0.08814427759740259,3.999036888281504,57,224.92073249816897,1886982,1886982
CiteSeer_LP_full_finetune_b4_42,ze5h3e3f,CiteSeer_LP,full_finetune,b4,42,link_prediction,finished,0.5763736263736263,0.5106624887976717,0.5093780006401365,0.5201981117474075,0.09156585939388016,3.1720987246586727,23,177.2610583305359,2468102,2468102
Cora_LP_full_finetune_b3_84,zyhh0pxn,Cora_LP,full_finetune,b3,84,link_prediction,finished,0.6259469696969697,0.4530881082628702,0.5056535504296699,0.4569128787878788,0.08012040043290043,0.6780698209097891,1,164.04480624198914,1886982,1886982
CiteSeer_LP_full_finetune_b4_84,e54b7t3q,CiteSeer_LP,full_finetune,b4,84,link_prediction,finished,0.5785714285714286,0.5062932695307195,0.5080531408889618,0.5119486147655161,0.0945983593870918,2.023168472667317,22,173.8504078388214,2468102,2468102
Cora_LP_full_finetune_b3_126,e27u2v5i,Cora_LP,full_finetune,b3,126,link_prediction,finished,0.4990530303030303,0.5113101003511963,0.5,0.6051136363636364,0.08475378787878787,0.6717519200209415,1,163.68392610549927,1886982,1886982
CiteSeer_LP_full_finetune_b4_126,mv5y2v0s,CiteSeer_LP,full_finetune,b4,126,link_prediction,finished,0.5807692307692308,0.5225387992817284,0.5072449674219586,0.5494428107104163,0.08899822687813792,5.571474841400817,85,233.12773942947388,2468102,2468102
Cora_LP_full_finetune_b4_42,elj0zu12,Cora_LP,full_finetune,b4,42,link_prediction,finished,0.5378787878787878,0.08878710091564677,0.5757575757575758,0.048295454545454544,0.08551474567099566,1.00051091814583,1,165.89008450508118,1886982,1886982
Cora_LP_full_finetune_b4_84,awe079ck,Cora_LP,full_finetune,b4,84,link_prediction,finished,0.5165719696969697,0.04450510840895104,0.6060606060606061,0.023200757575757576,0.08630952380952381,0.93673626852758,1,164.42118501663208,1886982,1886982
CiteSeer_LP_full_finetune_s1_42,7wlx2d7x,CiteSeer_LP,full_finetune,s1,42,link_prediction,finished,0.49615384615384617,0.5107193488137909,0.499282535646172,0.5366893669710571,0.07303198407720275,1.747687573485322,1,149.10439133644104,2468102,2468102
Cora_LP_full_finetune_b4_126,r6rscapy,Cora_LP,full_finetune,b4,126,link_prediction,finished,0.6036931818181818,0.5074971095104648,0.5039224734656207,0.5823863636363636,0.08937872023809523,5.377440826459364,95,270.4630048274994,1886982,1886982
CiteSeer_LP_full_finetune_s1_84,lxqj9n2v,CiteSeer_LP,full_finetune,s1,84,link_prediction,finished,0.521978021978022,0.5148626742572435,0.50312764158918,0.5397693855440334,0.08083046185344185,7.351441081539615,151,294.8457362651825,2468102,2468102
Cora_LP_full_finetune_s1_42,ou8tua8c,Cora_LP,full_finetune,s1,42,link_prediction,finished,0.5014204545454546,0.5082446410290911,0.5001796622349982,0.5984848484848485,0.07677218614718614,1.5775065512368174,1,166.43492531776428,1886982,1886982
CiteSeer_LP_full_finetune_s1_126,zgvtuuyv,CiteSeer_LP,full_finetune,s1,126,link_prediction,finished,0.5263736263736264,0.5148731556682524,0.5027823240589198,0.540318836093484,0.09019732429665714,7.501653985662775,117,264.3249855041504,2468102,2468102
Cora_LP_full_finetune_s1_84,gvou2tpq,Cora_LP,full_finetune,s1,84,link_prediction,finished,0.5066287878787878,0.5002547099723671,0.5003117595710188,0.5790719696969697,0.08779761904761905,1.4378190212177508,1,165.74785327911377,1886982,1886982
CiteSeer_LP_full_finetune_s2_42,yze8givu,CiteSeer_LP,full_finetune,s2,42,link_prediction,finished,0.5247252747252747,0.5165014941717226,0.5020280532475655,0.5469199814270237,0.09017125696147192,2.6567396866096247,27,175.6177077293396,2468102,2468102
Cora_LP_full_finetune_s1_126,lktx1ym3,Cora_LP,full_finetune,s1,126,link_prediction,finished,0.5222537878787878,0.49896106685906955,0.5009065009065009,0.5748106060606061,0.06629633387445888,4.327827498768315,14,182.77604794502255,1886982,1886982
CiteSeer_LP_full_finetune_s2_84,azqadloo,CiteSeer_LP,full_finetune,s2,84,link_prediction,finished,0.5626373626373626,0.5174541255326792,0.506127933202169,0.5412010524686581,0.10303983143123246,6.352490884131128,283,298.21987295150757,2468102,2468102
Cora_LP_full_finetune_s2_42,u4mk5d4e,Cora_LP,full_finetune,s2,42,link_prediction,finished,0.5,0.5117845117845118,0.5,0.6060606060606061,0.08050933441558442,0.9759218674717528,1,166.08857703208923,1886982,1886982
Cora_LP_full_finetune_s2_84,1o1nn6ev,Cora_LP,full_finetune,s2,84,link_prediction,finished,0.5,0.5117845117845118,0.5,0.6060606060606061,0.08265692640692641,0.7337787223584724,1,168.16521167755127,1886982,1886982
CiteSeer_LP_full_finetune_s2_126,v3vhg4dm,CiteSeer_LP,full_finetune,s2,126,link_prediction,finished,0.5565934065934066,0.5181349514382949,0.505532074762844,0.5442810710416345,0.09331237085128856,2.491646247905689,44,193.7257664203644,2468102,2468102
Cora_LP_full_finetune_s2_126,qqk1z1og,Cora_LP,full_finetune,s2,126,link_prediction,finished,0.5,0.5117845117845118,0.5,0.6060606060606061,0.0862587932900433,0.7447965867591627,1,167.68324947357178,1886982,1886982
CiteSeer_LP_full_finetune_s3_42,tj6dycxy,CiteSeer_LP,full_finetune,s3,42,link_prediction,finished,0.5324175824175824,0.5177724062890208,0.5025215448451963,0.5476861167002012,0.08815972759634731,5.293722186245761,158,293.6122877597809,2468102,2468102
Cora_LP_full_finetune_s3_42,y40q5qik,Cora_LP,full_finetune,s3,42,link_prediction,finished,0.5,0.5117845117845118,0.5,0.6060606060606061,0.08324032738095237,3.1981204503328735,1,167.3514280319214,1886982,1886982
Cora_LP_full_finetune_s3_84,so62zr3f,Cora_LP,full_finetune,s3,84,link_prediction,finished,0.4947916666666667,0.50733109802226,0.5000594177064764,0.5970643939393939,0.08387445887445888,2.005635041179079,5,172.70165514945984,1886982,1886982
CiteSeer_LP_full_finetune_s3_84,2bnr67g7,CiteSeer_LP,full_finetune,s3,84,link_prediction,finished,0.5,0.5223480037550389,0.5,0.5626373626373626,0.09368600265560977,0.6893489871706281,1,146.51974272727966,2468102,2468102
Cora_LP_full_finetune_s3_126,ihi80tcq,Cora_LP,full_finetune,s3,126,link_prediction,finished,0.5,0.5117845117845118,0.5,0.6060606060606061,0.08258083062770562,3.1111365590300974,1,167.24487352371216,1886982,1886982
CiteSeer_LP_full_finetune_s3_126,83f3ce10,CiteSeer_LP,full_finetune,s3,126,link_prediction,finished,0.5197802197802198,0.5142921639484093,0.5016849816849817,0.5413093948305217,0.08644362802998833,5.814812621441516,170,292.63235354423523,2468102,2468102
Cora_LP_full_finetune_s4_42,mo48gd33,Cora_LP,full_finetune,s4,42,link_prediction,finished,0.5,0.5117845117845118,0.5,0.6060606060606061,0.08242018398268397,1.966336724433032,1,166.74332189559937,1886982,1886982
Cora_LP_full_finetune_s4_84,nb8mnaxq,Cora_LP,full_finetune,s4,84,link_prediction,finished,0.49952651515151514,0.511547306067854,0.5,0.6055871212121212,0.08028950216450216,2.375333457282095,1,168.49528288841248,1886982,1886982
CiteSeer_LP_full_finetune_s4_42,6iv6s2we,CiteSeer_LP,full_finetune,s4,42,link_prediction,finished,0.5659340659340659,0.15828743545161858,0.5333333333333333,0.09299644017953876,0.09094893246116374,0.6743614951332847,1,147.1780731678009,2468102,2468102
Cora_LP_full_finetune_s4_126,382bqm0v,Cora_LP,full_finetune,s4,126,link_prediction,finished,0.556344696969697,0.5053623167043385,0.5022421524663677,0.5866477272727273,0.08901515151515152,6.24171291698109,158,337.5289354324341,1886982,1886982
CiteSeer_LP_full_finetune_s4_84,tu7xhg3w,CiteSeer_LP,full_finetune,s4,84,link_prediction,finished,0.6318681318681318,0.41675187134474045,0.52133263561835,0.3502476396842594,0.09222623188523855,0.6402807509506142,1,147.49895024299622,2468102,2468102
CiteSeer_LP_full_finetune_s4_126,2kdg536w,CiteSeer_LP,full_finetune,s4,126,link_prediction,finished,0.5571428571428572,0.5154505128406096,0.5046462309620204,0.5382293762575453,0.0933471272982022,6.027352902129456,193,295.8105752468109,2468102,2468102
Cora_LP_full_finetune_s5_42,9l0vx9o4,Cora_LP,full_finetune,s5,42,link_prediction,finished,0.5194128787878788,0.5027520116710361,0.5003117595710188,0.5838068181818182,0.07836174242424243,5.529971619447072,51,220.99051094055176,1886982,1886982
CiteSeer_LP_full_finetune_s5_42,yf2z7ntw,CiteSeer_LP,full_finetune,s5,42,link_prediction,finished,0.5126373626373626,0.02818734278535375,0.5626373626373626,0.014510137749574367,0.08329382502844326,0.7133325813890814,1,147.12894320487976,2468102,2468102
Cora_LP_full_finetune_s5_84,dzu66d1o,Cora_LP,full_finetune,s5,84,link_prediction,finished,0.5,0.5117845117845118,0.5,0.6060606060606061,0.08094054383116883,2.5771981051022355,1,166.63731384277344,1886982,1886982
CiteSeer_LP_full_finetune_s5_84,auje5act,CiteSeer_LP,full_finetune,s5,84,link_prediction,finished,0.6192307692307693,0.2777248853862831,0.5280894544052439,0.1887478718464634,0.09224361010869536,0.6443799033269777,1,148.41153502464294,2468102,2468102
Cora_LP_full_finetune_s5_126,suyskta0,Cora_LP,full_finetune,s5,126,link_prediction,finished,0.5,0.5117845117845118,0.5,0.6060606060606061,0.08142248376623377,1.078530389251131,1,165.90007734298706,1886982,1886982
CiteSeer_LP_full_finetune_s5_126,j9rihie6,CiteSeer_LP,full_finetune,s5,126,link_prediction,finished,0.5401098901098901,0.5172246191148153,0.5039794248304886,0.5439483052159109,0.09147896827659616,4.3005284760024525,87,234.5024538040161,2468102,2468102
Cora_LP_linear_probe_b1_42,bwff3vrp,Cora_LP,linear_probe,b1,42,link_prediction,finished,0.5733901515151515,0.4566705998481024,0.502754820936639,0.4791666666666667,0.08358698593073592,1.0089672912250869,2,148.2765076160431,1886982,564737
CiteSeer_LP_linear_probe_b1_42,qqir9rgg,CiteSeer_LP,linear_probe,b1,42,link_prediction,finished,0.5719780219780219,0.4994078797996091,0.5098901098901099,0.49799566630552544,0.09253035079573256,1.396824069075532,8,138.71003651618958,2468102,1145857
Cora_LP_linear_probe_b1_84,my3yqsvr,Cora_LP,linear_probe,b1,84,link_prediction,finished,0.5658143939393939,0.45989419055575315,0.5014075178009605,0.48390151515151514,0.07941017316017315,1.082727717630791,5,151.6650047302246,1886982,564737
CiteSeer_LP_linear_probe_b1_84,wtk3hcrp,CiteSeer_LP,linear_probe,b1,84,link_prediction,finished,0.6269230769230769,0.5067043575084541,0.5142857142857142,0.5061290821854202,0.10042440880098404,1.697961131819002,99,215.28458404541016,2468102,1145857
Cora_LP_linear_probe_b1_126,1mop73a9,Cora_LP,linear_probe,b1,126,link_prediction,finished,0.5885416666666666,0.4731933075393261,0.5026350461133069,0.5099431818181818,0.0828429383116883,1.011900927081253,6,153.16893815994263,1886982,564737
CiteSeer_LP_linear_probe_b1_126,nup0yarw,CiteSeer_LP,linear_probe,b1,126,link_prediction,finished,0.5901098901098901,0.4969308382464942,0.5101634117178159,0.4918356291595728,0.09697917600067342,1.0920596877297202,14,144.52353811264038,2468102,1145857
Cora_LP_linear_probe_b2_42,hlihv0ia,Cora_LP,linear_probe,b2,42,link_prediction,finished,0.5790719696969697,0.17535440332432814,0.5575757575757575,0.10511363636363635,0.08345170454545456,0.6748685493613734,1,146.68546509742737,1886982,564737
CiteSeer_LP_linear_probe_b2_42,68zlg5s1,CiteSeer_LP,linear_probe,b2,42,link_prediction,finished,0.5758241758241758,0.5059472602117787,0.5061107117181883,0.5158025073518031,0.08786429779758172,1.1655142459240588,18,147.08540606498718,2468102,1145857
Cora_LP_linear_probe_b2_84,skhxm3nx,Cora_LP,linear_probe,b2,84,link_prediction,finished,0.6401515151515151,0.3108114162532052,0.5263157894736842,0.2324810606060606,0.08652935606060605,0.6407749815420671,1,147.0151069164276,1886982,564737
CiteSeer_LP_linear_probe_b2_84,uuoe1yks,CiteSeer_LP,linear_probe,b2,84,link_prediction,finished,0.6054945054945055,0.526248909105058,0.5094993894993896,0.5546122891193314,0.11726390733062342,1.869653289396684,278,267.9337980747223,2468102,1145857
Cora_LP_linear_probe_b2_126,zzg5aycq,Cora_LP,linear_probe,b2,126,link_prediction,finished,0.5885416666666666,0.19229831589908328,0.5555555555555555,0.11789772727272728,0.08641098484848483,0.6588010110638358,1,147.5431308746338,1886982,564737
Cora_LP_linear_probe_b3_42,8sbb6tkz,Cora_LP,linear_probe,b3,42,link_prediction,finished,0.5,0.5117845117845118,0.5,0.6060606060606061,0.08539637445887445,0.839227987058235,1,147.0847887992859,1886982,564737
CiteSeer_LP_linear_probe_b2_126,ch7zupiw,CiteSeer_LP,linear_probe,b2,126,link_prediction,finished,0.6543956043956044,0.5179232817619366,0.5102348631760396,0.5328354743847702,0.10905704130314953,1.193728495168162,294,265.03515005111694,2468102,1145857
Cora_LP_linear_probe_b3_84,paiby12i,Cora_LP,linear_probe,b3,84,link_prediction,finished,0.5,0.5117845117845118,0.5,0.6060606060606061,0.08069534632034632,0.6739749456896926,1,145.2694869041443,1886982,564737
Cora_LP_linear_probe_b3_126,tzmhgx68,Cora_LP,linear_probe,b3,126,link_prediction,finished,0.5,0.5117845117845118,0.5,0.6060606060606061,0.08735795454545456,0.6628115899635084,1,144.7055094242096,1886982,564737
CiteSeer_LP_linear_probe_b3_42,bxfjzwzj,CiteSeer_LP,linear_probe,b3,42,link_prediction,finished,0.6802197802197802,0.5242765386125535,0.5189589358010411,0.5347082494969819,0.1167642834062404,1.4734642479445907,230,269.73031425476074,2468102,1145857
Cora_LP_linear_probe_b4_42,aotkp70m,Cora_LP,linear_probe,b4,42,link_prediction,finished,0.5724431818181818,0.469003754552838,0.5039155600953353,0.5033143939393939,0.08231026785714286,2.133480808951638,8,154.1744728088379,1886982,564737
Cora_LP_linear_probe_b4_84,j5vkajdz,Cora_LP,linear_probe,b4,84,link_prediction,finished,0.5785984848484849,0.4829023114249635,0.5017015070491005,0.5255681818181818,0.07892823322510822,2.394290884335836,16,162.0056073665619,1886982,564737
CiteSeer_LP_linear_probe_b3_84,5tyz2v71,CiteSeer_LP,linear_probe,b3,84,link_prediction,finished,0.6917582417582417,0.5243966175767739,0.518494271685761,0.5349249342207089,0.11482226693494298,1.5303141389574324,288,268.06313824653625,2468102,1145857
Cora_LP_linear_probe_b4_126,edwumrpv,Cora_LP,linear_probe,b4,126,link_prediction,finished,0.5800189393939394,0.44735178671697096,0.5045454545454545,0.4607007575757576,0.08252164502164502,1.2005565491589634,3,150.1597831249237,1886982,564737
CiteSeer_LP_linear_probe_b3_126,70j5r69s,CiteSeer_LP,linear_probe,b3,126,link_prediction,finished,0.6527472527472528,0.5217937578087929,0.511176628249799,0.5397616468039004,0.10777974187907474,1.729380652668712,208,266.7624337673187,2468102,1145857
Cora_LP_linear_probe_s1_42,npe515d2,Cora_LP,linear_probe,s1,42,link_prediction,finished,0.5198863636363636,0.4993735985212824,0.5004551957341657,0.5733901515151515,0.07815882034632034,1.109253962834676,1,146.87141752243042,1886982,564737
Cora_LP_linear_probe_s1_84,tjsnv0j3,Cora_LP,linear_probe,s1,84,link_prediction,finished,0.5317234848484849,0.4912396237159759,0.5007974481658692,0.5572916666666666,0.07590976731601731,0.9791561166445414,1,146.6287603378296,1886982,564737
CiteSeer_LP_linear_probe_b4_42,rfw7bu2c,CiteSeer_LP,linear_probe,b4,42,link_prediction,finished,0.5884615384615385,0.4807914232469066,0.5125173676897815,0.4587447763504101,0.09520659720807978,2.8220879292750096,6,137.23534297943115,2468102,1145857
Cora_LP_linear_probe_s1_126,wdlgqjyw,Cora_LP,linear_probe,s1,126,link_prediction,finished,0.5307765151515151,0.5061519181341362,0.501010101010101,0.5918560606060606,0.07677218614718614,11.047802554838585,183,296.3677570819855,1886982,564737
CiteSeer_LP_linear_probe_b4_84,h95cvz2p,CiteSeer_LP,linear_probe,b4,84,link_prediction,finished,0.5725274725274725,0.4770682760930346,0.5097929694614778,0.45533973069184336,0.09436375337042498,2.4265770734011474,5,137.55415630340576,2468102,1145857
CiteSeer_LP_linear_probe_b4_126,hk0q0zb7,CiteSeer_LP,linear_probe,b4,126,link_prediction,finished,0.5752747252747252,0.48080913366131095,0.5080646129826457,0.46314038074601455,0.09291701626764635,2.1718818716950468,4,134.98594975471497,2468102,1145857
Cora_LP_linear_probe_s2_42,rdwh5q79,Cora_LP,linear_probe,s2,42,link_prediction,finished,0.5,0.5117845117845118,0.5,0.6060606060606061,0.08373917748917749,1.3903148485855623,1,149.37781500816345,1886982,564737
CiteSeer_LP_linear_probe_s1_42,1ztgrtiz,CiteSeer_LP,linear_probe,s1,42,link_prediction,finished,0.5945054945054945,0.5185269979783214,0.5088948787061995,0.5369060516947841,0.10770588442938332,4.084179795443356,274,272.87608790397644,2468102,1145857
Cora_LP_linear_probe_s2_84,n5vh9ofn,Cora_LP,linear_probe,s2,84,link_prediction,finished,0.5,0.5117845117845118,0.5,0.6060606060606061,0.08280911796536797,1.0455026626586914,1,148.916442155838,1886982,564737
Cora_LP_linear_probe_s2_126,2k5nl5iw,Cora_LP,linear_probe,s2,126,link_prediction,finished,0.5,0.5117845117845118,0.5,0.6060606060606061,0.0839251893939394,0.7550837487885447,1,147.08467769622803,1886982,564737
CiteSeer_LP_linear_probe_s1_84,zjbmy8vh,CiteSeer_LP,linear_probe,s1,84,link_prediction,finished,0.6252747252747253,0.5184491310908037,0.5119188503803888,0.5333926636743538,0.10199713802382444,5.213192497504936,239,268.1176838874817,2468102,1145857
Cora_LP_linear_probe_s3_42,2yoxzo02,Cora_LP,linear_probe,s3,42,link_prediction,finished,0.5,0.5117845117845118,0.5,0.6060606060606061,0.08346861471861472,3.7688119066667487,1,146.4092719554901,1886982,564737
Cora_LP_linear_probe_s3_84,eo20xbis,Cora_LP,linear_probe,s3,84,link_prediction,finished,0.5975378787878788,0.5041695140474032,0.5033587102552619,0.5776515151515151,0.0903426001082251,2.120965453711423,279,296.13895058631897,1886982,564737
CiteSeer_LP_linear_probe_s1_126,qmuw1kvn,CiteSeer_LP,linear_probe,s1,126,link_prediction,finished,0.6307692307692307,0.518613206338265,0.512909312909313,0.530637672186968,0.10970003557105117,3.971187117859557,266,266.6710407733917,2468102,1145857
Cora_LP_linear_probe_s3_126,20xe3jy3,Cora_LP,linear_probe,s3,126,link_prediction,finished,0.5,0.5117845117845118,0.5,0.6060606060606061,0.08250473484848485,3.2289210938651003,1,146.1718785762787,1886982,564737
CiteSeer_LP_linear_probe_s2_42,ut3km7pp,CiteSeer_LP,linear_probe,s2,42,link_prediction,finished,0.6318681318681318,0.51677046007646,0.5107117181883537,0.5326265284011763,0.10611577698308612,1.9360869334294248,252,264.5627782344818,2468102,1145857
Cora_LP_linear_probe_s4_42,iapdxhif,Cora_LP,linear_probe,s4,42,link_prediction,finished,0.5,0.5117845117845118,0.5,0.6060606060606061,0.08167613636363635,1.8250275933832831,1,147.56030702590942,1886982,564737
CiteSeer_LP_linear_probe_s2_84,le396t7c,CiteSeer_LP,linear_probe,s2,84,link_prediction,finished,0.6730769230769231,0.5236570293222798,0.5171505111803619,0.5374632409843677,0.11186362439142276,1.9834010637723485,299,265.5990164279938,2468102,1145857
Cora_LP_linear_probe_s4_84,c4usruxv,Cora_LP,linear_probe,s4,84,link_prediction,finished,0.49952651515151514,0.5110719644160417,0.5,0.6046401515151515,0.08032332251082251,1.5283537023898326,1,148.09318113327026,1886982,564737
Cora_LP_linear_probe_s4_126,r2n7qh30,Cora_LP,linear_probe,s4,126,link_prediction,finished,0.5383522727272727,0.4601327393733779,0.5014354066985646,0.4876893939393939,0.08099972943722944,1.3406251596682,2,147.97501802444458,1886982,564737
CiteSeer_LP_linear_probe_s2_126,hcgr4fg0,CiteSeer_LP,linear_probe,s2,126,link_prediction,finished,0.6648351648351648,0.5226873773279815,0.5171717171717172,0.534932672960842,0.11764622824667302,1.865086324922331,295,271.2107901573181,2468102,1145857
Cora_LP_linear_probe_s5_42,f5ysndjr,Cora_LP,linear_probe,s5,42,link_prediction,finished,0.5,0.5117845117845118,0.5,0.6060606060606061,0.08018804112554112,1.163284802978689,1,147.49929356575012,1886982,564737
Cora_LP_linear_probe_s5_84,hvju297n,Cora_LP,linear_probe,s5,84,link_prediction,finished,0.5435606060606061,0.5055492537445627,0.5015673981191223,0.5890151515151515,0.07826873647186147,3.9486317815202656,63,210.46956276893616,1886982,564737
CiteSeer_LP_linear_probe_s3_42,w50xb85o,CiteSeer_LP,linear_probe,s3,42,link_prediction,finished,0.5989010989010989,0.5169481467659681,0.50980756332869,0.5333926636743538,0.10783187654944512,2.325561127295861,298,272.3518009185791,2468102,1145857
Cora_LP_linear_probe_s5_126,m5tz578v,Cora_LP,linear_probe,s5,126,link_prediction,finished,0.5,0.5117845117845118,0.5,0.6060606060606061,0.08081371753246752,1.2671939658396172,1,147.24565029144287,1886982,564737
CiteSeer_LP_linear_probe_s3_84,iv9tz6b6,CiteSeer_LP,linear_probe,s3,84,link_prediction,finished,0.5,0.5223480037550389,0.5,0.5626373626373626,0.09535431210746258,0.6984888818237808,1,132.15407180786133,2468102,1145857
PTC_MR_full_finetune_b1_42,svw156rc,PTC_MR,full_finetune,b1,42,graph_classification,finished,0.45714285714285713,0.30514285714285716,0.33506493506493507,0.2816326530612245,0.5210884353741496,0.7574196287563869,10,16.355080127716064,1360775,1360775
PTC_MR_full_finetune_b1_84,dsfbz3dm,PTC_MR,full_finetune,b1,84,graph_classification,finished,0.45714285714285713,0.22857142857142856,0.2742857142857143,0.19591836734693877,0.5210884353741496,0.891636095728193,13,16.38120722770691,1360775,1360775
PTC_MR_full_finetune_b1_126,cpchxf9h,PTC_MR,full_finetune,b1,126,graph_classification,finished,0.6,0.6318367346938776,0.5217687074829932,0.8040816326530612,0.5435374149659864,3.843661785125733,93,25.6574547290802,1360775,1360775
PTC_MR_full_finetune_b2_42,znjttfxy,PTC_MR,full_finetune,b2,42,graph_classification,finished,0.6,0.46666666666666673,0.5428571428571428,0.4122448979591837,0.6226757369614513,1.112510245186942,31,21.219591856002808,1360775,1360775
PTC_MR_full_finetune_b2_84,bczzpzsf,PTC_MR,full_finetune,b2,84,graph_classification,finished,0.5428571428571428,0.5123809523809524,0.4857142857142857,0.5428571428571428,0.5428571428571428,0.8764833416257586,14,17.22759699821472,1360775,1360775
CiteSeer_LP_linear_probe_s3_126,8qyefbu3,CiteSeer_LP,linear_probe,s3,126,link_prediction,finished,0.6467032967032967,0.5173502638814008,0.5094849850610219,0.535373781148429,0.1057899352932711,1.7379232479975777,285,268.4145839214325,2468102,1145857
PTC_MR_full_finetune_b2_126,afsmls58,PTC_MR,full_finetune,b2,126,graph_classification,finished,0.5428571428571428,0.0,0.0,0.0,0.3687074829931973,0.6839859485626221,1,13.125985860824583,1360775,1360775
PTC_MR_full_finetune_b3_42,j64zvyjo,PTC_MR,full_finetune,b3,42,graph_classification,finished,0.6,0.5541125541125541,0.48120300751879697,0.653061224489796,0.5362811791383221,2.294508813108717,80,25.517130851745605,1360775,1360775
PTC_MR_full_finetune_b3_84,dnyt3kjk,PTC_MR,full_finetune,b3,84,graph_classification,finished,0.45714285714285713,0.22857142857142856,0.2742857142857143,0.19591836734693877,0.5319727891156463,1.0370039990970066,14,17.455476999282837,1360775,1360775
PTC_MR_full_finetune_b3_126,qikys2jv,PTC_MR,full_finetune,b3,126,graph_classification,finished,0.5714285714285714,0.6081632653061224,0.5210884353741496,0.7387755102040816,0.5174603174603175,0.722116926738194,10,16.13436770439148,1360775,1360775
PTC_MR_full_finetune_b4_42,re8g7jmg,PTC_MR,full_finetune,b4,42,graph_classification,finished,0.5428571428571428,0.08571428571428572,0.08571428571428572,0.08571428571428572,0.5827664399092971,0.7827038628714426,10,15.905869483947754,1360775,1360775
PTC_MR_full_finetune_b4_84,x99xzuzk,PTC_MR,full_finetune,b4,84,graph_classification,finished,0.4857142857142857,0.23850931677018633,0.30476190476190473,0.19591836734693877,0.554421768707483,0.9258685656956264,14,17.179566383361816,1360775,1360775
PTC_MR_full_finetune_b4_126,lgh0bhhe,PTC_MR,full_finetune,b4,126,graph_classification,finished,0.4857142857142857,0.5273469387755102,0.4346938775510204,0.6734693877551021,0.45646258503401366,3.427299666404724,69,26.681454181671143,1360775,1360775
PTC_MR_full_finetune_s1_42,switq4kz,PTC_MR,full_finetune,s1,42,graph_classification,finished,0.7428571428571429,0.6708571428571428,0.7506493506493507,0.6081632653061224,0.6916099773242631,0.7941279070717948,21,18.942668676376343,1360775,1360775
PTC_MR_full_finetune_s1_84,63ne29v1,PTC_MR,full_finetune,s1,84,graph_classification,finished,0.7142857142857143,0.6190476190476191,0.7257142857142856,0.5428571428571428,0.7387755102040816,0.6725547790527344,18,18.948011875152588,1360775,1360775
PTC_MR_full_finetune_s1_126,fzdl1nn1,PTC_MR,full_finetune,s1,126,graph_classification,finished,0.6,0.5733333333333334,0.5428571428571428,0.6081632653061224,0.6517006802721088,1.7255296111106873,71,25.136342763900757,1360775,1360775
CiteSeer_LP_linear_probe_s4_42,n24psdkx,CiteSeer_LP,linear_probe,s4,42,link_prediction,finished,0.595054945054945,0.5145507995179752,0.5114264376400298,0.525917040705773,0.10097616739573743,3.0575341643867913,288,267.71089720726013,2468102,1145857
PTC_MR_full_finetune_s2_42,sbiodkno,PTC_MR,full_finetune,s2,42,graph_classification,finished,0.5142857142857142,0.5436293436293437,0.4372670807453417,0.7183673469387755,0.5435374149659863,1.1264525021825518,25,19.71283984184265,1360775,1360775
PTC_MR_full_finetune_s2_84,jwczx0az,PTC_MR,full_finetune,s2,84,graph_classification,finished,0.5428571428571428,0.33506493506493507,0.42857142857142855,0.2816326530612245,0.5319727891156463,0.8757642439433506,14,16.85357642173767,1360775,1360775
PTC_MR_full_finetune_s2_126,uaadgr5u,PTC_MR,full_finetune,s2,126,graph_classification,finished,0.5142857142857142,0.18285714285714288,0.30476190476190473,0.13061224489795917,0.3614512471655328,0.6962903772081648,4,14.973258972167969,1360775,1360775
PTC_MR_full_finetune_s3_42,zm6l7pdk,PTC_MR,full_finetune,s3,42,graph_classification,finished,0.4857142857142857,0.5293233082706768,0.41904761904761906,0.7183673469387755,0.471655328798186,1.2657101767403738,34,21.31549572944641,1360775,1360775
PTC_MR_full_finetune_s3_84,pfhlwpsz,PTC_MR,full_finetune,s3,84,graph_classification,finished,0.5428571428571428,0.49870129870129865,0.4330827067669173,0.5877551020408164,0.5217687074829932,1.2301490340914043,24,19.83509397506714,1360775,1360775
PTC_MR_full_finetune_s3_126,lwkll339,PTC_MR,full_finetune,s3,126,graph_classification,finished,0.6285714285714286,0.5597883597883597,0.578021978021978,0.5428571428571428,0.6879818594104309,0.6852069548198155,11,16.327335596084595,1360775,1360775
PTC_MR_full_finetune_s4_42,s63ihno0,PTC_MR,full_finetune,s4,42,graph_classification,finished,0.4857142857142857,0.5485714285714286,0.421978021978022,0.7836734693877551,0.46077097505668935,1.7316181744847978,35,21.97357940673828,1360775,1360775
PTC_MR_full_finetune_s4_84,kcipniz2,PTC_MR,full_finetune,s4,84,graph_classification,finished,0.45714285714285713,0.45714285714285713,0.3984126984126984,0.5428571428571428,0.5029478458049886,1.4568785846233367,29,21.068540811538696,1360775,1360775
PTC_MR_full_finetune_s4_126,ylh0xr5l,PTC_MR,full_finetune,s4,126,graph_classification,finished,0.5142857142857142,0.5864661654135338,0.4619047619047618,0.8040816326530612,0.5537414965986395,3.669572373798915,98,25.40103006362915,1360775,1360775
PTC_MR_full_finetune_s5_42,u8xxbft4,PTC_MR,full_finetune,s5,42,graph_classification,finished,0.5142857142857142,0.5864661654135338,0.4619047619047618,0.8040816326530612,0.4637188208616781,3.3012716157095774,70,25.382654905319217,1360775,1360775
PTC_MR_full_finetune_s5_84,2ylr6whh,PTC_MR,full_finetune,s5,84,graph_classification,finished,0.6,0.5915966386554622,0.5028571428571429,0.7183673469387755,0.5689342403628117,0.9204687527247838,31,21.25039553642273,1360775,1360775
CiteSeer_LP_linear_probe_s4_84,0h4xxgnl,CiteSeer_LP,linear_probe,s4,84,link_prediction,finished,0.6230769230769231,0.4268344830915727,0.518164188752424,0.3668472372697726,0.09211327343276936,0.640144768521026,1,134.4265477657318,2468102,1145857
PTC_MR_full_finetune_s5_126,kr0rvu1m,PTC_MR,full_finetune,s5,126,graph_classification,finished,0.5142857142857142,0.6057142857142856,0.4648351648351649,0.8693877551020408,0.6444444444444445,2.9167348078319004,93,25.475557565689087,1360775,1360775
PTC_MR_linear_probe_b1_42,r2f7qfk4,PTC_MR,linear_probe,b1,42,graph_classification,finished,0.5428571428571428,0.1873015873015873,0.3142857142857143,0.1510204081632653,0.6408163265306123,0.7128950119018554,16,15.521772146224976,1360775,38530
PTC_MR_linear_probe_b1_84,75cba4ju,PTC_MR,linear_probe,b1,84,graph_classification,finished,0.5142857142857142,0.324223602484472,0.3904761904761905,0.2816326530612245,0.5827664399092971,0.8050179311207363,39,19.372732162475582,1360775,38530
PTC_MR_linear_probe_b1_126,6tyosga0,PTC_MR,linear_probe,b1,126,graph_classification,finished,0.6,0.6318367346938776,0.5217687074829932,0.8040816326530612,0.6705215419501134,0.6818140200206212,12,14.45158052444458,1360775,38530
PTC_MR_linear_probe_b2_42,jwnq3c5l,PTC_MR,linear_probe,b2,42,graph_classification,finished,0.5428571428571428,0.1924812030075188,0.3657142857142857,0.13061224489795917,0.6371882086167802,0.8917478220803398,71,21.648752450942993,1360775,38530
CiteSeer_LP_linear_probe_s4_126,44tmusna,CiteSeer_LP,linear_probe,s4,126,link_prediction,finished,0.6076923076923076,0.5206486226190069,0.5089905443393815,0.541634421916112,0.10283129274975086,5.827677439595317,283,275.8721926212311,2468102,1145857
PTC_MR_linear_probe_b2_84,mnwhpdzp,PTC_MR,linear_probe,b2,84,graph_classification,finished,0.5714285714285714,0.492063492063492,0.5076923076923077,0.4775510204081633,0.5827664399092971,0.9956060034888132,94,22.24811840057373,1360775,38530
PTC_MR_linear_probe_b2_126,i76keyv8,PTC_MR,linear_probe,b2,126,graph_classification,finished,0.5714285714285714,0.19327731092436976,0.3904761904761905,0.1510204081632653,0.7097505668934241,0.6702151281493051,15,14.776472330093384,1360775,38530
PTC_MR_linear_probe_b3_42,2rv24vh1,PTC_MR,linear_probe,b3,42,graph_classification,finished,0.45714285714285713,0.16623376623376623,0.22857142857142856,0.13061224489795917,0.5319727891156463,0.8204496690205165,21,15.905409097671509,1360775,38530
PTC_MR_linear_probe_b3_84,jiivw3yl,PTC_MR,linear_probe,b3,84,graph_classification,finished,0.5142857142857142,0.30476190476190473,0.3657142857142857,0.26122448979591834,0.4884353741496599,0.8782917823110308,24,17.415034294128418,1360775,38530
PTC_MR_linear_probe_b3_126,dg52gmzj,PTC_MR,linear_probe,b3,126,graph_classification,finished,0.5142857142857142,0.1015873015873016,0.22857142857142856,0.06530612244897958,0.6741496598639457,0.6874511344092232,5,12.58887815475464,1360775,38530
PTC_MR_linear_probe_b4_42,wv9r188l,PTC_MR,linear_probe,b4,42,graph_classification,finished,0.5428571428571428,0.0,0.0,0.0,0.6952380952380953,0.6705625687326704,10,13.34897804260254,1360775,38530
PTC_MR_linear_probe_b4_84,24e1dx7z,PTC_MR,linear_probe,b4,84,graph_classification,finished,0.5428571428571428,0.0,0.0,0.0,0.6741496598639456,0.7450572150094169,18,15.27933669090271,1360775,38530
PTC_MR_linear_probe_b4_126,q9rjwopd,PTC_MR,linear_probe,b4,126,graph_classification,finished,0.5714285714285714,0.6523809523809524,0.504,0.9346938775510204,0.6698412698412699,0.8276782155036926,30,17.82084631919861,1360775,38530
PTC_MR_linear_probe_s1_42,ouu339ct,PTC_MR,linear_probe,s1,42,graph_classification,finished,0.6,0.34829931972789113,0.5224489795918367,0.26122448979591834,0.6414965986394557,0.6627041918890817,23,16.287970304489136,1360775,38530
PTC_MR_linear_probe_s1_84,a3tfllvo,PTC_MR,linear_probe,s1,84,graph_classification,finished,0.7142857142857143,0.5844155844155844,0.7714285714285715,0.4775510204081633,0.6988662131519275,0.6862198352813721,30,17.853017807006836,1360775,38530
PTC_MR_linear_probe_s1_126,w2n57izn,PTC_MR,linear_probe,s1,126,graph_classification,finished,0.6285714285714286,0.6827067669172933,0.5380952380952381,0.9346938775510204,0.6154195011337867,0.724580557857241,67,21.56496000289917,1360775,38530
PTC_MR_linear_probe_s2_42,q81vvmbj,PTC_MR,linear_probe,s2,42,graph_classification,finished,0.4857142857142857,0.3386243386243386,0.3516483516483517,0.326530612244898,0.5356009070294785,0.7173747369221278,8,13.590540409088137,1360775,38530
PTC_MR_linear_probe_s2_84,8lbmyg9p,PTC_MR,linear_probe,s2,84,graph_classification,finished,0.5142857142857142,0.3516483516483517,0.380952380952381,0.326530612244898,0.5356009070294785,0.8314504521233695,50,22.71699571609497,1360775,38530
CiteSeer_LP_linear_probe_s5_42,0ipqtdj6,CiteSeer_LP,linear_probe,s5,42,link_prediction,finished,0.6043956043956044,0.5182044485733028,0.5127920623066254,0.5317443120260021,0.09588434792289498,2.9387016170627467,283,275.52443265914917,2468102,1145857
PTC_MR_linear_probe_s2_126,upufau79,PTC_MR,linear_probe,s2,126,graph_classification,finished,0.6,0.6318367346938776,0.5217687074829932,0.8040816326530612,0.5573696145124716,0.735436715398516,17,15.670020341873167,1360775,38530
PTC_MR_linear_probe_s3_42,85br5fpq,PTC_MR,linear_probe,s3,42,graph_classification,finished,0.5142857142857142,0.464039408866995,0.45142857142857146,0.4775510204081633,0.5646258503401361,0.833239723103387,57,21.96628713607788,1360775,38530
PTC_MR_linear_probe_s3_84,8dcecsau,PTC_MR,linear_probe,s3,84,graph_classification,finished,0.4857142857142857,0.4122448979591837,0.4122448979591837,0.4122448979591837,0.492063492063492,0.8025260448455811,19,15.760900974273682,1360775,38530
PTC_MR_linear_probe_s3_126,py1focg4,PTC_MR,linear_probe,s3,126,graph_classification,finished,0.5428571428571428,0.5123809523809524,0.4857142857142857,0.5428571428571428,0.5609977324263038,0.679933910710471,8,13.628229856491089,1360775,38530
PTC_MR_linear_probe_s4_42,85m1oay3,PTC_MR,linear_probe,s4,42,graph_classification,finished,0.45714285714285713,0.4009852216748769,0.3904761904761905,0.4122448979591837,0.4811791383219955,0.8142162220818656,18,15.029736042022703,1360775,38530
PTC_MR_linear_probe_s4_84,hy1cxpcl,PTC_MR,linear_probe,s4,84,graph_classification,finished,0.4857142857142857,0.2925714285714286,0.33246753246753247,0.26122448979591834,0.5138321995464853,0.8304745554924011,15,15.051661491394045,1360775,38530
PTC_MR_linear_probe_s4_126,881ol6yx,PTC_MR,linear_probe,s4,126,graph_classification,finished,0.5428571428571428,0.10756302521008404,0.30476190476190473,0.06530612244897958,0.7097505668934241,0.6820040873118809,14,14.993244886398315,1360775,38530
PTC_MR_linear_probe_s5_42,dizzpcp3,PTC_MR,linear_probe,s5,42,graph_classification,finished,0.45714285714285713,0.4228571428571429,0.3857142857142858,0.4775510204081633,0.46666666666666673,0.7964253783226013,13,14.053052186965942,1360775,38530
PTC_MR_linear_probe_s5_84,3v37tx9n,PTC_MR,linear_probe,s5,84,graph_classification,finished,0.4,0.45142857142857146,0.3904761904761905,0.5428571428571428,0.4811791383219955,0.8701831579208374,49,21.24976944923401,1360775,38530
PTC_MR_linear_probe_s5_126,n1mfkvbx,PTC_MR,linear_probe,s5,126,graph_classification,finished,0.37142857142857144,0.5415584415584416,0.3942857142857143,0.8693877551020408,0.673469387755102,0.7495795675686427,57,21.17051672935486,1360775,38530
CiteSeer_LP_linear_probe_s5_84,4135is0m,CiteSeer_LP,linear_probe,s5,84,link_prediction,finished,0.628021978021978,0.34366825057808875,0.5238347859037514,0.256910694938864,0.09457229205190658,0.6414877992409926,1,135.04191088676453,2468102,1145857
CiteSeer_LP_linear_probe_s5_126,q8pc6y2j,CiteSeer_LP,linear_probe,s5,126,link_prediction,finished,0.5906593406593407,0.5138455844058623,0.5067589944302273,0.5313032038384151,0.10281825908215828,3.1873630397922392,291,276.1458058357239,2468102,1145857
ENZYMES_full_finetune_b1_42,4ldt5a6a,ENZYMES,full_finetune,b1,42,graph_classification,finished,0.65,0.6436812570145903,0.6865961199294531,0.6420370370370371,0.8616800514747374,2.2800854047139487,38,41.7658896446228,1362059,1355915
ENZYMES_full_finetune_b1_84,b1tuu3bb,ENZYMES,full_finetune,b1,84,graph_classification,finished,0.75,0.7394276094276094,0.769047619047619,0.749074074074074,0.8958144518078093,1.6838720162709555,39,42.06374979019165,1362059,1355915
ENZYMES_full_finetune_b1_126,g4hlwp3w,ENZYMES,full_finetune,b1,126,graph_classification,finished,0.6,0.594372787706121,0.6597222222222221,0.5961111111111111,0.8800109590266596,1.7075698057810464,28,36.712188482284546,1362059,1355915
ENZYMES_full_finetune_b2_42,o9ne0r3e,ENZYMES,full_finetune,b2,42,graph_classification,finished,0.6333333333333333,0.6202132435465769,0.6645767195767196,0.622037037037037,0.872859910263292,2.4390549739201863,60,46.353373527526855,1362059,1355915
ENZYMES_full_finetune_b2_84,yf3x36m7,ENZYMES,full_finetune,b2,84,graph_classification,finished,0.6666666666666666,0.6490714840714841,0.7042003367003368,0.6581481481481483,0.8516509248936786,2.719036340713501,51,46.06677985191345,1362059,1355915
ENZYMES_full_finetune_b2_126,apprz08g,ENZYMES,full_finetune,b2,126,graph_classification,finished,0.6,0.5790809807476474,0.6462121212121213,0.5848148148148148,0.8622806302214515,3.0036319414774577,89,45.99663090705872,1362059,1355915
ENZYMES_full_finetune_b3_42,idhjzsil,ENZYMES,full_finetune,b3,42,graph_classification,finished,0.6166666666666667,0.6107806826434278,0.6624691358024691,0.6118518518518518,0.8605730779553243,2.2092463254928587,33,39.63734030723572,1362059,1355915
ENZYMES_full_finetune_b3_84,1k9febdu,ENZYMES,full_finetune,b3,84,graph_classification,finished,0.6333333333333333,0.6286901370234704,0.6998765432098766,0.6294444444444445,0.873585795243404,2.7195522785186768,57,46.85789656639099,1362059,1355915
ENZYMES_full_finetune_b3_126,lzx73g3d,ENZYMES,full_finetune,b3,126,graph_classification,finished,0.65,0.642298195631529,0.712314814814815,0.6375925925925927,0.843540720439875,3.5500872294108072,75,46.10328793525696,1362059,1355915
ENZYMES_full_finetune_b4_42,9nhj78xr,ENZYMES,full_finetune,b4,42,graph_classification,finished,0.6666666666666666,0.6474592074592075,0.6966269841269842,0.6546296296296298,0.8804702403071969,2.4997536023457845,44,43.94989609718323,1362059,1355915
ENZYMES_full_finetune_b4_84,3my7djsh,ENZYMES,full_finetune,b4,84,graph_classification,finished,0.65,0.6405814555814556,0.6876543209876543,0.645,0.8559864156240967,3.653766695658366,81,46.73279571533203,1362059,1355915
ENZYMES_full_finetune_b4_126,r21afd51,ENZYMES,full_finetune,b4,126,graph_classification,finished,0.6666666666666666,0.6589816973150306,0.7052777777777778,0.6622222222222223,0.8667859858650921,2.834639612833659,57,46.138006925582886,1362059,1355915
ENZYMES_full_finetune_s1_42,ya1ericl,ENZYMES,full_finetune,s1,42,graph_classification,finished,0.5833333333333334,0.5682716049382716,0.6052469135802468,0.573888888888889,0.8700628036527794,3.0435665766398112,84,47.00842046737671,1362059,1355915
ENZYMES_full_finetune_s1_84,vg0451xl,ENZYMES,full_finetune,s1,84,graph_classification,finished,0.5833333333333334,0.5800002593630045,0.7027609427609428,0.5877777777777777,0.8449618928664823,2.058151038487752,25,35.06032657623291,1362059,1355915
ENZYMES_full_finetune_s1_126,rmy8sach,ENZYMES,full_finetune,s1,126,graph_classification,finished,0.55,0.5491021324354658,0.5851851851851851,0.5490740740740742,0.8664551677746123,3.081797647476196,66,45.60439109802246,1362059,1355915
ENZYMES_full_finetune_s2_42,u6bfjvb8,ENZYMES,full_finetune,s2,42,graph_classification,finished,0.65,0.6347218213884882,0.6554320987654322,0.6385185185185186,0.856905829789284,3.099258295694987,80,46.8287513256073,1362059,1355915
ENZYMES_full_finetune_s2_84,53lq75cb,ENZYMES,full_finetune,s2,84,graph_classification,finished,0.65,0.6334772562223542,0.72,0.6435185185185186,0.8441597592110877,3.885453462600708,71,45.335341691970825,1362059,1355915
ENZYMES_full_finetune_s2_126,lj8ab77d,ENZYMES,full_finetune,s2,126,graph_classification,finished,0.5833333333333334,0.5696520763187429,0.6029629629629629,0.570925925925926,0.844700605241064,3.3352092266082765,78,44.64696311950683,1362059,1355915
ENZYMES_full_finetune_s3_42,z9kon2tu,ENZYMES,full_finetune,s3,42,graph_classification,finished,0.65,0.6440341067792048,0.7053703703703704,0.6459259259259259,0.8563911340270036,3.4483352502187095,87,46.21440863609314,1362059,1355915
ENZYMES_full_finetune_s3_84,xvgcriqh,ENZYMES,full_finetune,s3,84,graph_classification,finished,0.65,0.6295286195286195,0.6667003367003368,0.6398148148148148,0.8767913879598662,3.1670979976654055,72,45.44502663612366,1362059,1355915
ENZYMES_full_finetune_s3_126,nc1mepfx,ENZYMES,full_finetune,s3,126,graph_classification,finished,0.5833333333333334,0.5596956746956747,0.6459343434343433,0.58,0.862421506186603,2.304131110509237,34,38.881123542785645,1362059,1355915
ENZYMES_full_finetune_s4_42,ae7868n9,ENZYMES,full_finetune,s4,42,graph_classification,finished,0.6333333333333333,0.6233307433307433,0.659452861952862,0.6237037037037038,0.8528481082345817,3.3840955893198648,89,47.78756618499756,1362059,1355915
ENZYMES_full_finetune_s4_84,u87loy5y,ENZYMES,full_finetune,s4,84,graph_classification,finished,0.6333333333333333,0.6192725792725793,0.6690828924162259,0.6251851851851851,0.8730696629368128,2.4839011828104653,44,44.153934478759766,1362059,1355915
ENZYMES_full_finetune_s4_126,3ge4kzh8,ENZYMES,full_finetune,s4,126,graph_classification,finished,0.6,0.5791475010102461,0.6419444444444444,0.5877777777777777,0.8704271009675598,2.997500006357829,63,46.44874382019043,1362059,1355915
ENZYMES_full_finetune_s5_42,3do8hbpj,ENZYMES,full_finetune,s5,42,graph_classification,finished,0.6333333333333333,0.6145903479236812,0.6776190476190477,0.6227777777777778,0.829743951030183,3.407481797536214,63,46.705353021621704,1362059,1355915
ENZYMES_full_finetune_s5_84,3i1wxyb4,ENZYMES,full_finetune,s5,84,graph_classification,finished,0.65,0.6236025086025087,0.6735449735449737,0.6361111111111111,0.8659293495464994,2.625973637898763,45,43.38124322891235,1362059,1355915
ENZYMES_full_finetune_s5_126,8zzabbra,ENZYMES,full_finetune,s5,126,graph_classification,finished,0.6666666666666666,0.6638582840543624,0.7274074074074074,0.657037037037037,0.8691480001926862,3.3296254793802897,82,44.812360525131226,1362059,1355915
ENZYMES_linear_probe_b1_42,ecmcwt29,ENZYMES,linear_probe,b1,42,graph_classification,finished,0.5333333333333333,0.5091819908486576,0.5112962962962962,0.5357407407407407,0.8484474568864665,1.305977217356364,85,37.49842548370361,1362059,33670
ENZYMES_linear_probe_b1_84,ub49pqz3,ENZYMES,linear_probe,b1,84,graph_classification,finished,0.5333333333333333,0.5106544073210739,0.5299999999999999,0.5416666666666666,0.83404778617339,1.3938447078069052,48,36.139299631118774,1362059,33670
ENZYMES_linear_probe_b1_126,jubp0tn8,ENZYMES,linear_probe,b1,126,graph_classification,finished,0.4166666666666667,0.3657217246690931,0.3997517297517298,0.4196296296296296,0.7861936736997123,1.524904123942057,31,29.89576005935669,1362059,33670
ENZYMES_linear_probe_b2_42,07xyasxa,ENZYMES,linear_probe,b2,42,graph_classification,finished,0.55,0.4861037727704395,0.5022656355989689,0.5524074074074075,0.8271744377692445,1.4135183493296306,85,37.39958882331848,1362059,33670
ENZYMES_linear_probe_b2_84,lj2moomo,ENZYMES,linear_probe,b2,84,graph_classification,finished,0.4666666666666667,0.42571277669316887,0.417283950617284,0.46888888888888886,0.7977881948745476,1.4255972464879354,84,36.52386713027954,1362059,33670
ENZYMES_linear_probe_b2_126,umzil1vb,ENZYMES,linear_probe,b2,126,graph_classification,finished,0.38333333333333336,0.3247240478819426,0.3822178130511464,0.38407407407407407,0.787278410889522,1.5469289620717366,48,34.4314968585968,1362059,33670
ENZYMES_linear_probe_b3_42,4zcyi88p,ENZYMES,linear_probe,b3,42,graph_classification,finished,0.3333333333333333,0.2510748510748511,0.285598633392751,0.3312962962962962,0.6807001476113794,1.7430252313613892,17,24.322124481201172,1362059,33670
ENZYMES_linear_probe_b3_84,kjwt9d9v,ENZYMES,linear_probe,b3,84,graph_classification,finished,0.35,0.3083699990717535,0.3502597402597402,0.35685185185185186,0.7120443315853945,1.673022214571635,22,26.829065561294556,1362059,33670
ENZYMES_linear_probe_b3_126,ybrh75m6,ENZYMES,linear_probe,b3,126,graph_classification,finished,0.4,0.3196078431372549,0.3601010101010101,0.3957407407407408,0.7980386353001088,1.6754254261652628,84,36.925782680511475,1362059,33670
ENZYMES_linear_probe_b4_42,bqshcx5o,ENZYMES,linear_probe,b4,42,graph_classification,finished,0.4666666666666667,0.4389920533160987,0.4842592592592592,0.4703703703703704,0.8081199247835722,1.4868003129959106,94,35.94891858100891,1362059,33670
ENZYMES_linear_probe_b4_84,kdemigei,ENZYMES,linear_probe,b4,84,graph_classification,finished,0.38333333333333336,0.3259259259259259,0.39337736337736345,0.3887037037037037,0.8074279491308478,1.5056413809458415,52,34.52262210845947,1362059,33670
ENZYMES_linear_probe_b4_126,gxm7jl02,ENZYMES,linear_probe,b4,126,graph_classification,finished,0.43333333333333335,0.3687697487697488,0.4111111111111111,0.4398148148148148,0.8216750536768652,1.5031866629918416,93,35.31484580039978,1362059,33670
ENZYMES_linear_probe_s1_42,wnv1wczb,ENZYMES,linear_probe,s1,42,graph_classification,finished,0.4666666666666667,0.4532098765432098,0.46723104056437387,0.4605555555555555,0.7778017173156062,1.5609582901000976,79,38.016740560531616,1362059,33670
ENZYMES_linear_probe_s1_84,zpxkzj1c,ENZYMES,linear_probe,s1,84,graph_classification,finished,0.26666666666666666,0.250381593714927,0.27235529902196565,0.2685185185185185,0.5964151595854494,1.7506887356440226,8,21.284790754318237,1362059,33670
ENZYMES_linear_probe_s1_126,4awg24v8,ENZYMES,linear_probe,s1,126,graph_classification,finished,0.4,0.35927508164350275,0.4232451499118166,0.40685185185185185,0.7261533730404504,1.7743820031483968,84,36.02593970298767,1362059,33670
ENZYMES_linear_probe_s2_42,tn1odxla,ENZYMES,linear_probe,s2,42,graph_classification,finished,0.4,0.3788927956575015,0.4684259259259259,0.3983333333333334,0.795734461235669,1.70434619585673,84,36.819003105163574,1362059,33670
ENZYMES_linear_probe_s2_84,nihlooh3,ENZYMES,linear_probe,s2,84,graph_classification,finished,0.5166666666666667,0.48352517852517857,0.5936419753086419,0.5214814814814815,0.7864634773662551,1.667127052942912,83,36.49391412734985,1362059,33670
ENZYMES_linear_probe_s2_126,4l80793j,ENZYMES,linear_probe,s2,126,graph_classification,finished,0.45,0.4201193251193251,0.4364197530864197,0.4477777777777778,0.8184604718058826,1.5811703125635783,88,36.11894989013672,1362059,33670
ENZYMES_linear_probe_s3_42,y704hybi,ENZYMES,linear_probe,s3,42,graph_classification,finished,0.4,0.3679418112751446,0.3850617283950617,0.4035185185185185,0.7512286066724473,1.7561400175094604,69,35.95100498199463,1362059,33670
ENZYMES_linear_probe_s3_84,7dovegy8,ENZYMES,linear_probe,s3,84,graph_classification,finished,0.43333333333333335,0.41347763347763344,0.4516666666666666,0.43611111111111106,0.771700885668277,1.619325041770935,65,35.231096267700195,1362059,33670
ENZYMES_linear_probe_s3_126,kbbo1xe9,ENZYMES,linear_probe,s3,126,graph_classification,finished,0.5,0.4684824434824435,0.4758641975308642,0.49777777777777776,0.7844870934665622,1.6181615591049194,83,36.74474358558655,1362059,33670
ENZYMES_linear_probe_s4_42,cnpk7xao,ENZYMES,linear_probe,s4,42,graph_classification,finished,0.43333333333333335,0.4153759820426487,0.4366137566137566,0.4368518518518519,0.8023009482912864,1.5529850244522094,82,37.04975962638855,1362059,33670
ENZYMES_linear_probe_s4_84,g4kfx925,ENZYMES,linear_probe,s4,84,graph_classification,finished,0.48333333333333334,0.4562969746303079,0.45580246913580247,0.4898148148148147,0.8044597647164072,1.669734573364258,100,37.87688231468201,1362059,33670
ENZYMES_linear_probe_s4_126,w9btt5tl,ENZYMES,linear_probe,s4,126,graph_classification,finished,0.4166666666666667,0.3677072310405644,0.3759371492704826,0.4166666666666667,0.7812897931376191,1.6443458080291748,89,37.070241928100586,1362059,33670
ENZYMES_linear_probe_s5_42,xy2ufs64,ENZYMES,linear_probe,s5,42,graph_classification,finished,0.45,0.4313142413142413,0.4609876543209877,0.45462962962962966,0.8071765624784949,1.5509666045506796,83,37.263649463653564,1362059,33670
ENZYMES_linear_probe_s5_84,4yps42su,ENZYMES,linear_probe,s5,84,graph_classification,finished,0.48333333333333334,0.4760252093585427,0.514021164021164,0.48129629629629633,0.8074028053043754,1.5710930903752645,94,37.69595789909363,1362059,33670
ENZYMES_linear_probe_s5_126,6mfw13yi,ENZYMES,linear_probe,s5,126,graph_classification,finished,0.4666666666666667,0.4331746031746031,0.5140116673450007,0.46722222222222226,0.7809265710805566,1.7304781834284464,96,39.095590114593506,1362059,33670
